condition,passed,total,accuracy,accuracy_pct
propositional_clefting,237,366,0.6475409836065574,64.75409836065575
split_reference,536,936,0.5726495726495726,57.26495726495726
events,56,105,0.5333333333333333,53.333333333333336
