condition,passed,total,accuracy,accuracy_pct
split_reference,555,936,0.592948717948718,59.294871794871796
events,58,105,0.5523809523809524,55.23809523809524
propositional_clefting,172,366,0.46994535519125685,46.994535519125684
